{
  "class_names": [
    "Alarm clock",
    "Explosion",
    "Gunshot, gunfire",
    "Siren",
    "Vehicle horn, car horn, honking"
  ],
  "num_classes": 5,
  "input_dim": 1024,
  "test_accuracy": 0.9147005677223206,
  "test_loss": 0.2310013622045517,
  "training_samples": 2570,
  "validation_samples": 551,
  "test_samples": 551,
  "per_class_accuracy": {
    "Alarm clock": 0.9594594594594594,
    "Explosion": 0.8991596638655462,
    "Gunshot, gunfire": 0.8907563025210085,
    "Siren": 0.9083333333333333,
    "Vehicle horn, car horn, honking": 0.9327731092436975
  }
}