{
  "loss": [
    1.3298285007476807,
    0.8217506408691406,
    0.6810951232910156,
    0.7059357762336731,
    0.6666392683982849,
    0.6991061568260193,
    0.6616888046264648,
    0.5656006336212158,
    0.5619006156921387,
    0.5732425451278687,
    0.5152139067649841,
    0.515917181968689,
    0.5137220025062561,
    0.5120976567268372,
    0.4937349557876587,
    0.5449145436286926,
    0.5187892913818359,
    0.5301060676574707,
    0.5055778622627258,
    0.486103355884552,
    0.4898581802845001,
    0.4602164328098297,
    0.49955081939697266,
    0.44147542119026184,
    0.442735880613327,
    0.4014979600906372,
    0.3881392478942871,
    0.40271246433258057,
    0.3891327381134033,
    0.3682936131954193,
    0.372873991727829,
    0.4032690227031708,
    0.3905828595161438,
    0.38502174615859985,
    0.3655344843864441,
    0.37642428278923035,
    0.35412684082984924,
    0.3531735837459564,
    0.3362022936344147,
    0.3333664536476135,
    0.331438273191452,
    0.3293374478816986,
    0.3146621882915497,
    0.3319776654243469,
    0.3206934332847595,
    0.31630438566207886,
    0.31743550300598145,
    0.3175734579563141,
    0.3068172335624695,
    0.33016687631607056,
    0.33666232228279114,
    0.32214778661727905,
    0.30465787649154663,
    0.32983988523483276,
    0.3083013892173767,
    0.31772083044052124,
    0.31263282895088196,
    0.3069622218608856,
    0.3068448007106781,
    0.2990027666091919,
    0.3098497986793518,
    0.31686562299728394,
    0.3105904161930084,
    0.316610187292099,
    0.2953115403652191,
    0.300570547580719,
    0.2801966667175293,
    0.3024909794330597,
    0.29535117745399475,
    0.3059335947036743,
    0.28929808735847473,
    0.291627436876297,
    0.30391931533813477,
    0.3039146661758423,
    0.2854928970336914,
    0.31393733620643616,
    0.30473899841308594,
    0.29140573740005493,
    0.29946282505989075,
    0.28561538457870483,
    0.29397788643836975,
    0.2863506078720093,
    0.29438668489456177,
    0.29902201890945435,
    0.2994301915168762,
    0.3003147840499878,
    0.2898479104042053,
    0.2809159457683563,
    0.2933200001716614,
    0.3016948699951172,
    0.29371923208236694,
    0.2968047857284546,
    0.29938510060310364,
    0.28261706233024597,
    0.30147281289100647,
    0.29296189546585083,
    0.29116103053092957
  ],
  "val_loss": [
    1.2447311878204346,
    0.90679532289505,
    1.214321494102478,
    0.6057782173156738,
    0.5873427987098694,
    1.6399844884872437,
    0.47446465492248535,
    0.6861790418624878,
    0.5049118399620056,
    0.6563677787780762,
    0.7104348540306091,
    0.4011809527873993,
    0.6192187666893005,
    0.3632180392742157,
    1.784693717956543,
    0.5873910784721375,
    0.5125055909156799,
    0.3783690929412842,
    0.3149508535861969,
    0.35068872570991516,
    0.4310370683670044,
    0.6117814779281616,
    0.33626946806907654,
    1.2516810894012451,
    0.31024041771888733,
    0.3081161081790924,
    0.3103865087032318,
    0.2824600636959076,
    0.3405211865901947,
    0.39805153012275696,
    0.25400614738464355,
    0.444088876247406,
    0.2707142233848572,
    0.3563414514064789,
    0.491344153881073,
    0.3889078199863434,
    0.25554579496383667,
    0.4280269742012024,
    0.34902825951576233,
    0.26198890805244446,
    0.30034369230270386,
    0.25270259380340576,
    0.22806227207183838,
    0.2254215031862259,
    0.2230045646429062,
    0.2650391161441803,
    0.24399036169052124,
    0.2457393854856491,
    0.23200249671936035,
    0.2709810435771942,
    0.22676245868206024,
    0.22203445434570312,
    0.2830163538455963,
    0.223216712474823,
    0.22315092384815216,
    0.21996767818927765,
    0.22092948853969574,
    0.2192949503660202,
    0.24093344807624817,
    0.22498010098934174,
    0.21992571651935577,
    0.2207764834165573,
    0.2247723639011383,
    0.22759023308753967,
    0.2203606516122818,
    0.22418543696403503,
    0.2190076857805252,
    0.22679808735847473,
    0.22957871854305267,
    0.21983648836612701,
    0.2223884016275406,
    0.22782118618488312,
    0.22391155362129211,
    0.22095151245594025,
    0.21889671683311462,
    0.22107216715812683,
    0.2173817753791809,
    0.2175799459218979,
    0.22195307910442352,
    0.2155233472585678,
    0.2151108831167221,
    0.21424072980880737,
    0.218245267868042,
    0.21623484790325165,
    0.21604210138320923,
    0.22158083319664001,
    0.21730932593345642,
    0.2200198471546173,
    0.2177146077156067,
    0.2178604006767273,
    0.21792152523994446,
    0.21795861423015594,
    0.21769966185092926,
    0.21787835657596588,
    0.21770304441452026,
    0.21713954210281372,
    0.2176608443260193
  ],
  "accuracy": [
    0.4902723729610443,
    0.6793774366378784,
    0.7361867427825928,
    0.7186770439147949,
    0.7447471022605896,
    0.7260700464248657,
    0.7428015470504761,
    0.772762656211853,
    0.775486409664154,
    0.7688716053962708,
    0.8050583600997925,
    0.7926070094108582,
    0.801556408405304,
    0.7914397120475769,
    0.807003915309906,
    0.7836576104164124,
    0.7922179102897644,
    0.7926070094108582,
    0.8081712126731873,
    0.8054474592208862,
    0.8089494109153748,
    0.8147860169410706,
    0.8081712126731873,
    0.8350194692611694,
    0.8256809115409851,
    0.8361867666244507,
    0.84708172082901,
    0.8439688682556152,
    0.8435797691345215,
    0.8560311198234558,
    0.8571984171867371,
    0.8350194692611694,
    0.8439688682556152,
    0.8494163155555725,
    0.8560311198234558,
    0.8509727716445923,
    0.8669260740280151,
    0.8630350232124329,
    0.8673151731491089,
    0.8727626204490662,
    0.8743190765380859,
    0.8677042722702026,
    0.8821011781692505,
    0.8622568249702454,
    0.8739299774169922,
    0.8719844222068787,
    0.8661478757858276,
    0.8719844222068787,
    0.8809338808059692,
    0.8739299774169922,
    0.8735408782958984,
    0.8797665238380432,
    0.8824902772903442,
    0.8708171248435974,
    0.880155622959137,
    0.8824902772903442,
    0.8840466737747192,
    0.8848249316215515,
    0.8750972747802734,
    0.8805447220802307,
    0.8782101273536682,
    0.8743190765380859,
    0.8817120790481567,
    0.8821011781692505,
    0.8918287754058838,
    0.8875486254692078,
    0.8926070332527161,
    0.8836575746536255,
    0.8848249316215515,
    0.877042829990387,
    0.8863813281059265,
    0.8933852314949036,
    0.8891050815582275,
    0.8840466737747192,
    0.8848249316215515,
    0.8836575746536255,
    0.8840466737747192,
    0.8836575746536255,
    0.8824902772903442,
    0.887159526348114,
    0.8805447220802307,
    0.8891050815582275,
    0.8918287754058838,
    0.880155622959137,
    0.8836575746536255,
    0.8879377245903015,
    0.8949416279792786,
    0.8953307271003723,
    0.8821011781692505,
    0.8817120790481567,
    0.8891050815582275,
    0.887159526348114,
    0.8836575746536255,
    0.8891050815582275,
    0.885603129863739,
    0.8887159824371338,
    0.8906614780426025
  ],