{
  "loss": [
    2.1318883895874023,
    1.7048662900924683,
    1.5228034257888794,
    1.5129302740097046,
    1.3764818906784058,
    1.5737278461456299,
    1.4582655429840088,
    1.533873438835144,
    1.465308427810669,
    1.5830522775650024,
    1.5278024673461914,
    1.3557112216949463,
    1.20297110080719,
    1.3127119541168213,
    1.2369319200515747,
    1.328208088874817,
    1.1431798934936523,
    1.2864760160446167,
    1.153328776359558,
    1.1472386121749878,
    1.2433228492736816,
    1.1316313743591309,
    1.1114531755447388,
    1.284024953842163,
    1.16066312789917,
    1.1285871267318726,
    1.2080795764923096,
    1.3686997890472412,
    1.05626380443573,
    1.308209776878357,
    1.2479417324066162,
    1.219481348991394,
    1.2287229299545288,
    1.313412070274353,
    1.1114071607589722,
    1.1927763223648071,
    1.2651640176773071,
    0.9255732893943787,
    1.1168248653411865,
    1.2107791900634766,
    1.194090485572815,
    1.0182223320007324,
    0.9682720899581909,
    0.9986264705657959,
    0.9853176474571228,
    1.0513635873794556,
    0.9750751256942749,
    1.1136934757232666,
    1.0342329740524292,
    1.0251553058624268,
    1.003292441368103,
    1.1096687316894531,
    1.0751005411148071,
    1.0424271821975708,
    1.0149904489517212,
    0.952633261680603,
    1.15946626663208,
    1.0802549123764038,
    0.9374604821205139,
    1.0596143007278442,
    1.190954327583313,
    1.0686262845993042,
    0.9184902906417847,
    1.1511365175247192,
    1.0447781085968018,
    0.8931030631065369,
    1.2023366689682007,
    0.9623227715492249,
    0.8991655707359314,
    1.0411235094070435,
    1.1231796741485596,
    0.8515245914459229,
    0.8051977157592773,
    1.02156400680542,
    0.9275379776954651,
    0.8994457125663757,
    0.9224686622619629,
    0.9744700193405151,
    0.9253652691841125,
    0.9779301881790161,
    0.919072151184082,
    0.9572418928146362,
    1.1035412549972534,
    0.9535447955131531,
    1.0564143657684326,
    0.8367713093757629,
    0.8367552757263184,
    1.079566240310669,
    0.9296882748603821,
    0.9291587471961975,
    0.848321259021759,
    0.9364904761314392,
    0.9546258449554443,
    0.9469630122184753,
    0.9095510244369507,
    0.8952073454856873,
    0.9035301208496094,
    0.7890669107437134,
    0.9039238095283508,
    0.7941950559616089
  ],
  "val_loss": [
    2.230421304702759,
    2.39410138130188,
    2.481793165206909,
    2.4055120944976807,
    2.275275230407715,
    2.246797800064087,
    2.2124414443969727,
    2.2398793697357178,
    2.2047173976898193,
    2.1009719371795654,
    2.024401903152466,
    1.964624285697937,
    1.877445936203003,
    1.8126863241195679,
    1.786211609840393,
    1.7214608192443848,
    1.6302517652511597,
    1.5829486846923828,
    1.5727806091308594,
    1.6162068843841553,
    1.5863324403762817,
    1.5465762615203857,
    1.5458263158798218,
    1.5558801889419556,
    1.5515073537826538,
    1.5091629028320312,
    1.461722493171692,
    1.4223294258117676,
    1.3761155605316162,
    1.3361244201660156,
    1.295556902885437,
    1.2444343566894531,
    1.2095837593078613,
    1.1916717290878296,
    1.1511327028274536,
    1.1549770832061768,
    1.19454026222229,
    1.235774278640747,
    1.2124062776565552,
    1.1874027252197266,
    1.180431604385376,
    1.1858017444610596,
    1.184166431427002,
    1.1825028657913208,
    1.1698933839797974,
    1.158634901046753,
    1.1497210264205933,
    1.1412804126739502,
    1.1363774538040161,
    1.1282463073730469,
    1.1197693347930908,
    1.1109695434570312,
    1.1028025150299072,
    1.0972177982330322,
    1.0940430164337158,
    1.094744324684143,
    1.085419774055481,
    1.0702946186065674,
    1.0584945678710938,
    1.0490391254425049,
    1.0361521244049072,
    1.0258585214614868,
    1.0178790092468262,
    1.0066033601760864,
    0.9959077835083008,
    0.9841411709785461,
    0.9790123701095581,
    0.9897927045822144,
    0.9918596744537354,
    0.9896596074104309,
    0.9817221760749817,
    0.981434166431427,
    0.9812616109848022,
    0.9835454225540161,
    0.9826487302780151,
    0.9764503836631775,
    0.9700020551681519,
    0.9588152170181274,
    0.9522098302841187,
    0.9431849122047424,
    0.9340112209320068,
    0.9277811646461487,
    0.9226757287979126,
    0.9175606966018677,
    0.9167860150337219,
    0.9158726930618286,
    0.913745641708374,
    0.9093239903450012,
    0.9024861454963684,
    0.8938090205192566,
    0.8876262903213501,
    0.8821534514427185,
    0.8801701664924622,
    0.8829237222671509,
    0.8829661011695862,
    0.8795301914215088,
    0.8739052414894104,
    0.8674293160438538,
    0.8605116605758667,
    0.8597986102104187
  ],
  "accuracy": [
    0.23880596458911896,
    0.31343284249305725,
    0.4029850661754608,
    0.38805970549583435,
    0.38805970549583435,
    0.38805970549583435,
    0.3283582031726837,
    0.34328359365463257,
    0.38805970549583435,
    0.34328359365463257,
    0.2537313401699066,
    0.38805970549583435,
    0.46268656849861145,
    0.46268656849861145,
    0.5671641826629639,
    0.5373134613037109,
    0.5373134613037109,
    0.4029850661754608,
    0.49253731966018677,
    0.5373134613037109,
    0.447761207818985,
    0.5223880410194397,
    0.5671641826629639,
    0.4029850661754608,
    0.4776119291782379,
    0.5074626803398132,
    0.46268656849861145,
    0.447761207818985,
    0.5223880410194397,
    0.41791045665740967,
    0.43283581733703613,
    0.5223880410194397,
    0.4029850661754608,
    0.43283581733703613,
    0.46268656849861145,
    0.447761207818985,
    0.46268656849861145,
    0.641791045665741,
    0.5074626803398132,
    0.5223880410194397,
    0.5074626803398132,
    0.5373134613037109,
    0.5671641826629639,
    0.5373134613037109,
    0.5820895433425903,
    0.5074626803398132,
    0.611940324306488,
    0.46268656849861145,
    0.49253731966018677,
    0.5373134613037109,
    0.5373134613037109,
    0.4776119291782379,
    0.5074626803398132,
    0.6567164063453674,
    0.5522388219833374,
    0.5373134613037109,
    0.41791045665740967,
    0.5820895433425903,
    0.5970149040222168,
    0.5671641826629639,
    0.5223880410194397,
    0.5522388219833374,
    0.5820895433425903,
    0.41791045665740967,
    0.5223880410194397,
    0.611940324306488,
    0.46268656849861145,
    0.5970149040222168,
    0.5820895433425903,
    0.5223880410194397,
    0.49253731966018677,
    0.6567164063453674,
    0.6268656849861145,
    0.5522388219833374,
    0.611940324306488,
    0.5671641826629639,
    0.641791045665741,
    0.5820895433425903,
    0.641791045665741,
    0.5522388219833374,
    0.5970149040222168,
    0.5970149040222168,
    0.5522388219833374,
    0.5522388219833374,
    0.5671641826629639,
    0.6865671873092651,
    0.6716417670249939,
    0.5223880410194397,
    0.5970149040222168,
    0.6268656849861145,
    0.6567164063453674,
    0.6268656849861145,
    0.5820895433425903,
    0.611940324306488,
    0.611940324306488,
    0.5970149040222168,
    0.6716417670249939,
    0.6865671873092651,
    0.611940324306488,
    0.6567164063453674
  ],